timesheet_id,employee_id,project_id,work_date,hours_worked
1,903,12,2025-07-22,8
2,210,18,2024-11-20,7
3,475,149,2025-05-01,8
4,418,141,2025-04-26,7
5,347,149,2025-05-30,6
6,529,126,2025-07-16,2
7,640,136,2024-11-05,7
8,939,46,2025-05-14,7
9,955,104,2024-09-17,3
10,876,135,2024-09-16,4
11,763,86,2025-02-26,6
12,179,150,2024-09-10,8
13,182,89,2024-11-08,6
14,664,22,2024-08-23,5
15,25,92,2025-05-05,8
16,967,29,2024-11-09,6
17,180,13,2025-02-15,2
18,710,2,2025-07-01,8
19,501,29,2025-01-14,8
20,856,27,2024-10-29,6
21,161,50,2025-02-23,8
22,177,95,2024-09-27,3
23,285,88,2024-12-28,4
24,63,44,2024-11-07,8
25,662,22,2025-06-30,4
26,666,97,2025-04-04,6
27,156,3,2025-06-09,7
28,882,118,2025-03-10,1
29,469,19,2025-03-05,1
30,49,23,2025-07-17,7
31,967,30,2024-12-17,7
32,849,39,2025-06-09,7
33,84,108,2024-12-17,2
34,361,111,2025-05-20,1
35,689,25,2025-02-10,7
36,148,128,2025-04-29,2
37,630,111,2024-10-16,5
38,342,136,2025-07-13,8
39,476,106,2025-03-01,2
40,63,144,2024-09-28,1
41,701,72,2025-08-08,6
42,360,129,2024-10-07,5
43,561,108,2024-11-10,1
44,327,5,2025-08-09,8
45,769,3,2025-01-06,2
46,736,132,2025-01-14,3
47,141,104,2025-02-09,4
48,990,64,2025-07-21,8
49,215,106,2025-04-15,1
50,435,98,2025-03-05,7
51,891,10,2024-11-04,2
52,952,149,2025-06-16,7
53,723,128,2025-01-20,7
54,318,46,2024-10-29,7
55,32,66,2024-09-13,7
56,670,112,2024-12-03,7
57,285,13,2025-01-29,5
58,305,137,2024-10-20,1
59,429,86,2025-05-11,8
60,477,90,2024-12-15,1
61,286,58,2025-07-21,8
62,144,54,2025-03-30,4
63,424,12,2025-04-26,2
64,19,14,2024-09-26,3
65,18,121,2024-10-14,5
66,769,121,2025-02-13,2
67,590,20,2025-07-24,5
68,371,75,2024-09-28,8
69,175,144,2025-06-03,1
70,194,70,2024-09-29,7
71,502,56,2024-11-19,4
72,988,101,2024-08-24,4
73,113,132,2025-07-31,6
74,114,111,2025-02-12,3
75,222,125,2024-10-29,4
76,678,132,2024-11-29,7
77,947,20,2024-08-29,1
78,831,138,2025-02-18,3
79,644,24,2025-05-02,8
80,897,37,2025-03-12,2
81,264,54,2025-02-09,8
82,925,103,2025-01-01,7
83,55,149,2024-11-29,7
84,871,38,2024-10-02,4
85,643,4,2025-08-12,3
86,800,57,2025-03-19,1
87,778,20,2024-09-19,8
88,458,17,2025-01-02,6
89,979,119,2025-02-01,8
90,878,71,2024-11-08,5
91,162,4,2024-10-15,5
92,380,14,2025-01-19,1
93,993,3,2025-03-01,1
94,87,80,2025-02-01,5
95,55,55,2025-03-03,6
96,476,132,2024-12-25,3
97,800,120,2024-09-07,5
98,178,24,2025-02-05,1
99,391,82,2024-12-01,4
100,349,147,2025-01-08,2
101,8,60,2024-09-24,6
102,833,147,2024-09-06,7
103,313,49,2025-04-26,6
104,759,63,2025-01-13,4
105,835,110,2025-05-29,4
106,984,150,2025-08-13,7
107,983,109,2025-01-29,8
108,443,76,2024-11-01,1
109,767,30,2024-12-10,5
110,328,58,2024-10-30,8
111,54,117,2025-01-21,3
112,761,100,2024-10-25,6
113,239,19,2025-04-05,7
114,229,94,2024-12-03,6
115,579,113,2025-03-11,8
116,51,146,2025-04-10,4
117,609,63,2025-02-25,5
118,604,116,2025-03-07,6
119,264,113,2025-02-02,3
120,418,47,2024-09-29,4
121,803,57,2025-05-09,3
122,96,118,2024-09-06,5
123,88,45,2025-04-26,6
124,78,145,2024-11-22,2
125,288,4,2024-09-30,8
126,120,148,2024-11-11,6
127,814,47,2024-10-01,8
128,491,143,2024-09-07,5
129,912,47,2025-07-31,6
130,452,78,2024-08-31,8
131,500,124,2025-03-29,7
132,165,75,2024-11-29,8
133,182,103,2024-11-18,6
134,469,137,2024-09-12,1
135,910,90,2025-03-12,6
136,735,144,2024-09-26,6
137,823,69,2024-12-02,8
138,944,61,2024-11-13,3
139,978,138,2025-07-26,2
140,7,50,2025-04-15,3
141,330,3,2025-05-16,8
142,775,107,2025-05-22,3
143,673,113,2025-01-22,4
144,151,94,2025-01-17,1
145,85,118,2025-01-17,3
146,147,81,2024-09-26,7
147,624,109,2024-11-11,5
148,381,51,2025-05-30,7
149,915,147,2025-07-04,5
150,548,35,2025-07-25,6
151,285,46,2025-05-13,4
152,700,69,2024-11-30,1
153,82,93,2025-02-26,7
154,514,64,2024-11-05,1
155,897,49,2024-10-23,7
156,815,149,2025-06-19,6
157,709,74,2024-11-05,5
158,916,5,2024-12-31,2
159,523,100,2025-04-22,4
160,746,70,2024-12-07,7
161,386,90,2025-05-19,7
162,707,4,2025-04-06,6
163,471,126,2024-12-07,4
164,119,39,2025-05-30,5
165,396,129,2024-08-19,5
166,532,24,2024-09-23,7
167,261,57,2024-10-28,2
168,805,100,2025-03-01,2
169,934,70,2025-08-05,1
170,256,41,2025-05-17,4
171,734,60,2025-04-16,4
172,905,108,2025-02-19,5
173,226,57,2025-06-01,1
174,53,31,2024-12-14,6
175,940,84,2025-07-15,4
176,867,36,2025-08-05,1
177,500,108,2025-05-12,1
178,506,106,2024-11-18,7
179,854,86,2024-10-23,5
180,364,135,2024-12-18,1
181,280,14,2025-05-09,8
182,593,120,2024-09-13,2
183,714,138,2024-10-21,8
184,158,80,2024-10-29,2
185,632,144,2024-12-24,3
186,59,106,2025-08-02,5
187,727,70,2025-02-10,7
188,128,44,2024-10-12,6
189,736,73,2024-08-22,8
190,721,45,2025-05-03,8
191,882,107,2025-02-18,3
192,115,84,2025-01-31,2
193,209,82,2024-12-25,7
194,526,107,2024-08-26,3
195,521,21,2024-10-25,5
196,552,7,2024-11-28,7
197,962,70,2025-07-26,5
198,237,127,2024-09-16,1
199,281,143,2024-10-23,4
200,359,148,2025-05-08,1
201,201,143,2025-06-09,5
202,758,149,2025-07-15,8
203,278,120,2024-08-21,7
204,235,128,2025-04-05,2
205,494,142,2025-01-01,6
206,4,57,2025-02-18,2
207,666,58,2025-04-01,7
208,442,21,2024-08-18,1
209,29,82,2025-02-23,6
210,109,69,2025-07-23,7
211,610,131,2024-11-22,5
212,727,87,2025-02-17,8
213,805,49,2024-09-29,2
214,75,147,2024-09-04,5
215,838,115,2025-07-02,6
216,146,89,2024-08-24,6
217,128,85,2025-03-26,2
218,853,128,2025-05-09,5
219,42,140,2024-12-08,3
220,356,117,2025-07-08,5
221,41,127,2024-11-14,6
222,934,71,2025-03-09,5
223,34,86,2025-03-01,8
224,17,33,2024-10-21,7
225,677,81,2025-06-07,1
226,153,61,2024-10-13,8
227,998,61,2025-06-15,3
228,378,98,2024-09-23,4
229,588,28,2024-09-25,7
230,599,43,2024-12-14,1
231,629,86,2025-06-26,4
232,874,17,2025-05-30,2
233,342,98,2024-12-26,4
234,981,98,2025-02-09,7
235,27,65,2025-02-24,5
236,825,74,2025-05-30,7
237,287,85,2025-01-01,8
238,646,5,2025-03-17,4
239,731,2,2024-11-25,6
240,168,22,2025-05-02,1
241,610,112,2025-02-22,1
242,268,57,2024-11-24,4
243,749,66,2025-01-06,1
244,821,74,2025-02-12,6
245,455,98,2024-08-23,7
246,906,144,2025-07-05,1
247,685,112,2025-01-01,4
248,401,125,2024-12-12,3
249,922,86,2025-05-20,3
250,981,76,2024-12-25,2
251,476,88,2025-07-30,8
252,702,38,2025-03-07,1
253,634,59,2025-06-14,8
254,558,138,2025-05-02,7
255,576,99,2025-07-16,4
256,130,63,2025-07-19,1
257,822,49,2025-08-03,5
258,363,32,2025-07-11,6
259,705,135,2025-04-06,1
260,819,21,2025-02-22,1
261,693,20,2024-09-30,8
262,292,127,2024-11-30,8
263,371,68,2025-05-11,3
264,794,110,2025-03-07,6
265,29,116,2025-05-27,4
266,149,143,2025-04-23,1
267,779,120,2024-08-26,3
268,296,79,2024-10-14,8
269,11,116,2025-01-24,2
270,512,92,2025-07-16,6
271,676,14,2024-11-11,3
272,113,125,2025-05-01,3
273,187,58,2024-10-12,7
274,807,28,2025-01-03,3
275,744,26,2025-02-27,7
276,227,113,2024-08-30,1
277,310,66,2024-11-20,1
278,98,131,2025-03-30,8
279,55,44,2025-06-01,2
280,623,97,2025-05-15,5
281,664,42,2025-02-01,5
282,758,6,2025-01-04,5
283,406,23,2024-11-06,8
284,69,89,2025-06-03,7
285,312,123,2024-09-21,8
286,289,147,2024-11-01,6
287,762,51,2025-08-10,6
288,548,11,2025-01-11,2
289,751,12,2025-04-23,6
290,148,74,2024-09-28,5
291,467,8,2024-12-02,5
292,739,41,2025-07-24,8
293,244,85,2025-04-18,3
294,491,72,2025-05-08,6
295,849,55,2025-03-17,8
296,958,137,2025-08-02,1
297,507,47,2025-08-07,1
298,365,143,2025-02-08,3
299,482,104,2025-07-24,3
300,201,42,2025-03-10,3
301,154,60,2024-10-24,8
302,450,12,2024-11-29,1
303,501,130,2025-08-06,5
304,73,7,2025-05-08,3
305,713,80,2024-12-31,2
306,296,131,2025-07-28,7
307,17,109,2024-12-24,8
308,641,3,2025-01-16,3
309,217,27,2025-04-03,7
310,61,114,2025-01-27,4
311,939,107,2024-12-03,3
312,616,40,2024-12-16,1
313,42,129,2024-10-31,6
314,25,8,2024-09-02,3
315,39,101,2025-03-31,8
316,803,124,2025-03-07,6
317,131,107,2025-05-17,4
318,498,101,2024-12-29,2
319,229,4,2025-07-07,6
320,108,110,2025-04-12,7
321,172,19,2024-10-04,5
322,435,32,2025-02-02,3
323,478,137,2025-06-22,4
324,102,12,2025-02-10,4
325,866,139,2025-03-26,6
326,524,46,2025-06-21,2
327,275,119,2025-06-21,1
328,613,16,2024-12-30,3
329,44,129,2024-12-08,4
330,955,63,2024-09-29,2
331,817,109,2024-08-21,5
332,957,119,2025-02-27,4
333,17,21,2025-08-13,2
334,330,13,2025-05-11,8
335,569,4,2024-10-14,1
336,823,102,2025-02-15,1
337,497,59,2025-05-09,4
338,815,128,2024-10-15,7
339,12,27,2025-03-09,4
340,318,69,2024-12-08,6
341,592,25,2025-04-17,3
342,216,131,2025-03-22,2
343,339,97,2025-05-02,4
344,776,25,2024-10-20,3
345,991,148,2024-12-13,6
346,661,126,2025-02-23,8
347,81,133,2024-12-07,8
348,727,9,2024-09-12,3
349,485,116,2025-06-24,4
350,374,134,2024-12-10,1
351,976,60,2024-08-24,2
352,710,121,2025-02-10,2
353,200,139,2024-09-02,8
354,537,108,2024-11-10,8
355,466,108,2024-12-05,1
356,89,131,2025-07-04,7
357,268,76,2025-04-05,4
358,655,30,2024-10-04,8
359,571,21,2024-09-07,8
360,922,34,2025-02-23,8
361,489,41,2024-12-14,2
362,877,51,2024-08-19,4
363,538,82,2025-02-01,6
364,47,58,2025-01-01,4
365,288,75,2025-05-01,3
366,778,23,2025-07-07,1
367,16,128,2024-08-18,7
368,711,150,2024-09-06,8
369,401,17,2024-11-23,8
370,919,69,2024-10-10,4
371,794,108,2025-01-01,7
372,981,139,2025-07-25,8
373,86,94,2024-12-06,7
374,250,15,2025-06-18,6
375,391,91,2025-07-17,5
376,782,33,2025-02-28,1
377,335,125,2025-05-03,7
378,629,16,2025-06-12,2
379,519,66,2025-03-23,3
380,137,47,2024-10-17,2
381,883,148,2024-09-20,8
382,688,124,2025-05-21,6
383,840,1,2024-12-01,6
384,498,87,2024-10-12,2
385,827,128,2025-05-29,1
386,727,67,2024-11-02,2
387,477,4,2025-02-01,4
388,594,47,2025-04-02,8
389,223,38,2025-08-09,8
390,990,143,2024-09-18,2
391,372,21,2024-12-08,3
392,935,57,2024-11-10,3
393,995,117,2024-08-30,8
394,402,46,2025-02-17,5
395,443,142,2025-08-15,3
396,490,145,2025-01-02,2
397,615,39,2024-11-22,3
398,273,137,2025-06-29,8
399,526,99,2025-05-08,1
400,159,77,2025-04-22,7
401,152,115,2025-01-15,3
402,995,134,2025-01-29,4
403,620,91,2025-01-20,1
404,188,98,2025-08-04,5
405,813,120,2024-09-25,4
406,98,46,2025-07-30,2
407,131,38,2024-11-27,7
408,805,142,2025-08-10,2
409,171,100,2024-12-13,7
410,936,72,2025-04-06,7
411,986,35,2024-12-16,2
412,183,147,2024-10-24,4
413,983,30,2025-03-24,4
414,364,78,2025-02-03,7
415,39,84,2025-05-08,4
416,527,113,2025-07-24,7
417,888,25,2024-12-21,8
418,497,88,2025-06-26,7
419,516,14,2025-03-30,8
420,349,102,2024-10-11,1
421,982,150,2025-05-10,6
422,921,83,2025-06-12,1
423,397,110,2024-11-03,2
424,722,131,2024-11-23,6
425,161,19,2024-10-09,3
426,16,28,2025-01-26,2
427,493,71,2025-03-21,5
428,426,63,2024-11-03,1
429,108,73,2024-12-12,4
430,894,124,2024-12-14,1
431,450,119,2024-09-20,4
432,311,121,2024-12-11,6
433,739,19,2025-03-26,5
434,170,142,2025-08-13,6
435,546,120,2025-04-19,5
436,414,61,2025-02-13,1
437,251,30,2025-03-17,4
438,759,9,2024-10-28,6
439,781,64,2025-01-11,5
440,141,120,2025-06-17,7
441,274,52,2025-07-24,2
442,416,89,2025-07-07,2
443,608,142,2025-02-03,6
444,739,53,2024-09-24,4
445,891,78,2024-10-10,7
446,39,41,2025-03-10,6
447,814,68,2025-02-05,1
448,29,8,2025-05-14,5
449,958,2,2024-12-17,8
450,477,105,2025-03-01,1
451,318,125,2025-08-16,2
452,245,110,2025-05-11,5
453,748,86,2025-05-21,6
454,697,120,2025-01-03,1
455,272,127,2025-02-15,3
456,440,16,2025-01-02,8
457,748,62,2025-01-31,4
458,239,113,2025-02-15,7
459,377,12,2025-01-28,7
460,266,35,2025-01-24,4
461,926,11,2025-02-13,3
462,921,64,2024-08-28,2
463,359,50,2025-08-07,5
464,340,149,2025-03-23,4
465,389,69,2024-08-28,3
466,577,48,2025-06-11,6
467,990,20,2025-01-28,8
468,689,101,2024-09-21,7
469,3,137,2025-06-07,8
470,429,68,2024-10-11,3
471,142,35,2025-04-13,8
472,376,65,2025-08-05,2
473,670,8,2024-12-13,2
474,324,45,2025-06-19,1
475,146,87,2024-11-20,4
476,958,76,2025-03-31,1
477,293,76,2025-03-04,8
478,665,47,2025-01-09,7
479,432,15,2024-10-06,3
480,705,105,2025-04-16,5
481,949,147,2025-03-16,8
482,975,26,2025-08-02,5
483,585,52,2025-03-25,2
484,399,93,2025-07-24,5
485,817,150,2024-12-09,5
486,889,21,2024-09-07,7
487,344,51,2025-06-07,5
488,964,38,2025-07-12,8
489,140,20,2025-01-17,3
490,187,132,2024-10-05,5
491,805,55,2025-01-21,6
492,61,92,2025-05-05,5
493,997,28,2024-08-20,5
494,939,4,2025-02-13,1
495,380,150,2025-06-27,3
496,710,76,2025-06-10,8
497,807,67,2025-07-23,2
498,440,86,2025-03-07,1
499,319,91,2025-02-12,8
500,302,105,2025-07-09,4
501,344,1,2024-09-08,3
502,11,72,2024-09-19,6
503,62,87,2024-09-08,3
504,845,6,2024-11-30,4
505,226,145,2025-07-06,4
506,153,61,2025-04-27,4
507,711,12,2024-09-28,7
508,564,6,2024-12-25,2
509,772,27,2025-04-05,5
510,571,136,2024-09-24,3
511,584,124,2025-07-03,8
512,660,106,2024-12-08,7
513,861,93,2025-03-25,8
514,575,109,2025-02-20,5
515,310,99,2025-05-13,5
516,885,142,2024-12-24,6
517,243,35,2025-07-19,4
518,493,84,2024-09-10,2
519,366,56,2024-10-04,6
520,330,141,2025-06-01,1
521,107,49,2025-04-02,7
522,226,46,2025-05-06,7
523,825,113,2025-03-04,2
524,218,136,2025-06-01,5
525,937,43,2025-05-23,8
526,753,148,2024-09-07,7
527,506,124,2025-05-17,2
528,259,97,2024-11-05,7
529,888,90,2025-03-06,7
530,774,39,2024-10-12,4
531,517,85,2025-03-24,1
532,773,62,2025-06-01,4
533,54,106,2025-02-26,1
534,47,107,2024-10-09,7
535,727,54,2024-11-12,6
536,689,126,2025-07-31,8
537,521,9,2025-05-07,5
538,99,88,2025-04-23,7
539,20,37,2025-07-14,1
540,890,49,2024-10-17,1
541,753,41,2024-12-12,1
542,573,17,2025-04-18,7
543,891,88,2024-12-16,2
544,490,21,2025-05-24,6
545,419,51,2025-08-16,2
546,690,59,2024-08-20,5
547,850,41,2025-06-26,7
548,62,39,2025-02-22,1
549,145,141,2025-04-17,6
550,216,11,2025-05-12,6
551,3,147,2024-11-03,3
552,160,139,2024-10-01,5
553,739,77,2024-09-13,8
554,998,127,2024-08-18,8
555,781,46,2024-10-16,6
556,120,45,2025-04-09,7
557,893,1,2025-07-25,1
558,89,108,2024-10-04,1
559,329,19,2025-03-07,6
560,580,76,2024-09-24,2
561,910,72,2024-11-22,5
562,357,109,2024-11-05,1
563,610,12,2024-09-27,6
564,267,45,2025-02-17,1
565,617,90,2024-08-27,8
566,952,103,2025-07-07,6
567,323,8,2025-03-02,5
568,635,91,2025-02-06,6
569,988,87,2025-01-16,3
570,541,84,2024-09-08,6
571,649,82,2025-08-12,6
572,195,146,2024-10-04,7
573,921,68,2024-12-12,8
574,738,127,2025-01-22,5
575,332,82,2025-02-21,7
576,170,147,2024-10-28,6
577,521,84,2025-07-02,5
578,463,113,2024-11-17,3
579,40,76,2025-07-10,5
580,537,122,2025-07-13,1
581,261,143,2025-03-18,7
582,395,41,2024-11-27,5
583,955,2,2025-07-03,8
584,226,29,2025-04-12,3
585,984,105,2025-05-09,4
586,124,51,2025-02-04,6
587,975,75,2025-07-17,5
588,38,10,2025-04-30,6
589,328,142,2025-04-14,2
590,251,51,2024-10-04,1
591,901,118,2025-02-01,7
592,176,121,2024-10-13,1
593,602,39,2025-04-22,2
594,914,28,2024-08-26,2
595,454,3,2024-10-28,7
596,37,84,2024-10-12,5
597,316,117,2025-07-01,2
598,688,2,2025-06-03,4
599,973,93,2025-04-30,6
600,796,131,2024-11-19,6
601,965,144,2024-10-23,3
602,973,94,2025-03-04,8
603,593,40,2025-06-02,2
604,114,2,2025-05-16,2
605,40,81,2025-03-18,4
606,301,12,2024-11-03,1
607,224,65,2025-02-18,1
608,318,55,2025-02-20,6
609,349,45,2024-12-08,6
610,115,101,2024-12-08,5
611,698,62,2025-05-04,7
612,323,49,2024-09-25,8
613,568,127,2025-04-03,4
614,40,23,2025-02-25,7
615,866,38,2025-01-07,7
616,40,28,2025-05-04,3
617,859,21,2024-12-02,7
618,973,107,2025-01-16,3
619,749,146,2025-01-14,7
620,289,99,2025-05-15,4
621,262,119,2025-06-24,3
622,216,73,2024-09-28,1
623,147,122,2025-02-14,3
624,336,30,2025-01-26,3
625,168,108,2025-06-29,4
626,92,98,2025-01-29,4
627,353,32,2024-10-14,3
628,571,79,2024-08-28,8
629,571,41,2024-12-06,2
630,816,63,2025-02-11,8
631,681,23,2024-10-03,4
632,781,104,2025-03-25,8
633,363,75,2025-01-16,8
634,557,48,2024-08-22,5
635,345,57,2025-03-31,5
636,693,118,2024-12-13,1
637,170,100,2024-08-31,7
638,356,124,2025-04-25,3
639,191,34,2025-04-27,2
640,667,7,2025-07-30,1
641,422,56,2025-04-30,3
642,700,65,2025-04-15,8
643,7,47,2025-02-06,4
644,133,148,2024-09-03,5
645,747,19,2025-08-05,6
646,557,146,2025-08-05,2
647,826,126,2025-01-02,8
648,761,139,2024-10-11,6
649,31,49,2025-02-15,5
650,535,113,2025-07-26,8
651,426,38,2025-05-25,7
652,394,64,2025-02-12,7
653,672,69,2024-12-03,6
654,363,136,2024-08-21,4
655,437,116,2024-10-18,8
656,670,65,2025-01-03,3
657,551,31,2025-02-28,8
658,927,132,2025-07-16,4
659,82,113,2025-07-18,8
660,356,109,2025-03-01,6
661,258,69,2024-11-07,4
662,718,120,2024-12-31,5
663,589,88,2025-08-03,2
664,989,67,2025-05-19,4
665,524,75,2025-03-09,8
666,295,45,2025-01-16,5
667,962,4,2025-03-05,2
668,224,107,2024-09-11,7
669,525,51,2024-10-24,3
670,46,50,2025-04-29,6
671,667,6,2024-10-15,8
672,113,59,2025-01-01,8
673,233,125,2025-04-29,7
674,17,143,2025-05-24,3
675,360,30,2025-03-24,7
676,223,122,2024-12-27,1
677,866,125,2025-02-12,7
678,700,37,2025-05-22,5
679,448,124,2025-07-17,2
680,856,101,2025-06-19,8
681,365,35,2024-10-11,7
682,675,87,2024-12-04,8
683,326,134,2025-06-18,4
684,467,18,2025-06-10,3
685,414,113,2025-04-30,7
686,455,29,2024-12-13,2
687,586,77,2025-08-11,5
688,233,59,2025-01-17,1
689,224,126,2024-09-13,8
690,994,145,2025-08-08,3
691,831,109,2025-07-09,6
692,412,22,2025-04-25,2
693,572,68,2025-02-21,6
694,335,69,2025-01-11,2
695,222,49,2025-02-17,2
696,37,141,2025-04-10,5
697,989,109,2025-04-30,5
698,278,86,2024-10-27,5
699,196,53,2025-03-29,7
700,916,123,2025-05-20,4
701,864,87,2025-08-13,2
702,484,131,2025-03-02,3
703,242,42,2025-06-15,6
704,324,98,2025-04-30,5
705,731,109,2025-03-10,7
706,192,51,2024-11-26,5
707,17,85,2024-10-07,6
708,524,127,2025-05-15,6
709,918,21,2024-12-21,8
710,401,44,2025-04-03,2
711,906,139,2025-03-31,5
712,886,103,2024-12-31,6
713,705,68,2025-04-01,4
714,22,129,2025-04-14,4
715,474,92,2025-07-06,5
716,120,24,2025-01-21,7
717,210,125,2024-09-13,6
718,306,141,2024-09-04,8
719,270,111,2024-08-29,2
720,704,98,2025-07-14,2
721,687,139,2025-05-29,7
722,285,17,2024-10-18,8
723,716,99,2024-11-15,2
724,676,82,2024-09-24,8
725,763,104,2025-05-03,1
726,227,19,2024-09-28,5
727,948,85,2025-02-27,2
728,381,8,2025-08-15,4
729,460,28,2025-05-08,6
730,7,5,2025-02-19,8
731,29,145,2024-12-21,8
732,907,101,2025-06-09,3
733,33,118,2024-11-15,7
734,646,147,2025-06-13,3
735,879,64,2025-06-28,2
736,79,91,2025-08-09,3
737,928,117,2025-05-29,3
738,947,98,2025-06-22,1
739,459,11,2024-11-17,8
740,570,54,2024-09-27,4
741,983,47,2025-08-02,7
742,538,140,2025-07-26,4
743,482,149,2024-10-24,1
744,430,139,2025-05-27,1
745,738,5,2025-07-30,3
746,285,20,2025-01-14,5
747,516,46,2025-06-07,8
748,977,12,2025-01-28,6
749,99,70,2025-08-11,8
750,397,17,2024-09-11,6
751,489,115,2024-09-11,3
752,39,147,2025-04-12,6
753,271,48,2024-11-23,1
754,887,108,2024-10-01,4
755,797,52,2024-09-01,6
756,157,96,2025-07-12,8
757,75,70,2025-06-05,7
758,884,102,2024-09-15,3
759,800,75,2025-02-05,5
760,130,143,2025-06-10,3
761,687,82,2025-01-10,2
762,974,92,2025-04-10,3
763,84,4,2025-04-20,1
764,22,135,2025-07-10,4
765,459,109,2024-08-29,4
766,539,48,2025-08-11,7
767,707,73,2024-10-24,6
768,849,72,2024-12-20,1
769,382,116,2024-09-28,2
770,748,81,2025-05-16,1
771,440,81,2025-02-08,3
772,604,113,2025-01-11,1
773,989,96,2024-10-08,1
774,21,72,2025-04-22,7
775,303,147,2025-03-28,2
776,976,63,2025-03-22,3
777,869,38,2024-11-03,5
778,955,67,2024-11-02,7
779,84,69,2024-11-24,5
780,774,13,2025-02-24,7
781,659,31,2025-02-03,4
782,953,114,2025-05-08,8
783,453,22,2024-12-07,7
784,387,93,2024-11-13,6
785,507,67,2024-11-04,1
786,257,54,2025-06-02,4
787,570,138,2024-10-19,2
788,892,42,2025-02-02,5
789,934,64,2025-06-30,8
790,527,126,2025-03-11,8
791,162,21,2025-06-28,7
792,957,35,2025-06-20,1
793,163,30,2024-10-31,2
794,832,57,2024-09-20,6
795,793,47,2025-04-01,2
796,792,19,2024-08-27,1
797,524,114,2025-04-19,6
798,786,8,2025-05-04,2
799,271,26,2024-09-24,6
800,492,113,2024-11-05,7
801,208,71,2024-08-30,7
802,539,30,2025-06-28,1
803,584,135,2024-10-11,1
804,60,67,2025-07-30,6
805,430,65,2024-08-20,3
806,985,36,2025-01-04,4
807,657,25,2025-06-14,8
808,605,37,2025-01-23,2
809,309,1,2025-03-26,2
810,520,143,2025-03-18,3
811,591,37,2025-07-19,3
812,27,141,2024-09-14,3
813,686,136,2024-12-28,5
814,562,133,2024-10-28,5
815,199,128,2025-05-10,6
816,387,127,2025-05-28,5
817,349,1,2025-08-06,7
818,960,35,2025-05-27,7
819,940,104,2025-04-24,1
820,693,23,2025-03-11,8
821,536,9,2025-02-26,6
822,828,34,2024-10-30,8
823,378,128,2025-07-07,2
824,899,4,2024-11-06,4
825,916,102,2025-03-27,1
826,558,75,2025-07-05,2
827,527,99,2025-02-17,2
828,153,72,2025-02-28,6
829,734,3,2025-01-01,3
830,206,142,2025-01-03,3
831,455,34,2025-04-15,8
832,273,45,2025-08-02,1
833,894,61,2025-03-22,3
834,236,83,2025-07-15,2
835,852,123,2024-10-10,3
836,740,102,2025-06-25,5
837,521,16,2024-09-13,3
838,678,66,2025-02-04,2
839,944,145,2025-01-31,8
840,956,119,2025-04-17,6
841,831,124,2025-01-11,1
842,726,144,2025-07-23,4
843,501,102,2024-09-14,3
844,117,66,2025-03-27,7
845,386,13,2024-09-17,7
846,344,111,2024-10-06,8
847,584,34,2025-06-17,2
848,395,39,2025-03-06,4
849,64,136,2024-12-11,4
850,717,120,2024-09-26,5
851,721,126,2024-10-02,4
852,72,55,2025-02-27,7
853,789,27,2024-11-15,6
854,274,118,2024-09-06,2
855,990,53,2025-04-08,2
856,320,39,2025-03-15,3
857,338,65,2024-12-24,3
858,366,145,2024-08-26,3
859,495,13,2024-11-13,7
860,607,21,2025-07-02,7
861,166,147,2025-08-18,8
862,544,53,2024-12-08,7
863,11,19,2025-08-11,7
864,301,57,2025-07-05,7
865,729,25,2024-11-23,7
866,801,31,2025-01-16,6
867,102,81,2025-05-18,7
868,425,23,2025-01-03,8
869,392,32,2024-09-13,4
870,779,74,2025-07-22,4
871,214,10,2025-07-22,5
872,691,54,2024-10-18,6
873,88,52,2024-12-07,3
874,553,148,2024-09-16,1
875,401,114,2025-03-13,7
876,588,14,2025-03-29,5
877,889,110,2024-11-19,1
878,46,53,2025-07-15,8
879,672,79,2025-03-07,4
880,463,22,2025-08-14,5
881,592,30,2025-04-12,8
882,310,4,2025-02-28,5
883,86,59,2024-12-17,2
884,92,8,2025-01-20,8
885,660,12,2025-04-15,4
886,673,119,2024-09-08,4
887,714,34,2025-03-18,6
888,936,82,2025-05-15,5
889,928,98,2025-07-30,7
890,242,127,2024-09-30,4
891,865,75,2025-04-01,5
892,2,105,2025-02-16,6
893,225,49,2025-08-16,7
894,801,79,2025-08-09,8
895,745,93,2024-11-28,6
896,973,18,2025-04-28,2
897,926,96,2024-08-29,7
898,929,38,2024-08-30,5
899,589,87,2024-12-27,4
900,116,88,2025-01-28,4
901,666,50,2024-11-27,5
902,918,8,2024-11-03,5
903,103,134,2024-12-25,5
904,194,69,2025-07-28,3
905,166,121,2025-06-10,7
906,871,64,2024-09-10,4
907,90,139,2024-10-11,7
908,686,121,2024-11-05,6
909,122,65,2025-03-18,4
910,143,107,2025-07-01,3
911,994,147,2025-05-30,5
912,106,137,2024-12-24,2
913,887,100,2025-08-11,5
914,428,82,2025-06-08,8
915,305,143,2025-05-02,5
916,872,51,2025-08-07,3
917,971,141,2025-07-25,7
918,317,83,2024-09-11,4
919,963,112,2024-11-17,5
920,635,56,2025-02-25,4
921,902,145,2024-09-15,1
922,9,60,2025-06-26,6
923,774,120,2025-03-24,7
924,73,138,2025-08-04,4
925,359,23,2025-04-11,2
926,223,149,2025-05-18,6
927,416,13,2025-07-08,8
928,553,101,2025-06-11,8
929,370,24,2025-06-27,2
930,716,108,2024-08-31,5
931,264,11,2024-12-30,6
932,840,17,2024-09-14,4
933,690,25,2025-01-26,6
934,860,94,2025-04-07,5
935,318,21,2025-06-01,3
936,84,84,2025-04-12,7
937,318,140,2025-08-13,2
938,111,37,2024-09-18,5
939,251,42,2025-07-28,3
940,383,145,2025-03-20,6
941,7,101,2025-02-19,6
942,459,48,2024-10-07,5
943,84,103,2024-12-01,4
944,208,28,2025-05-25,6
945,900,41,2024-09-03,4
946,390,99,2024-09-27,4
947,314,47,2024-08-31,7
948,22,146,2025-02-26,4
949,410,105,2025-03-03,1
950,895,124,2024-11-13,7
951,515,13,2025-04-27,3
952,127,141,2025-01-01,3
953,809,100,2025-02-01,6
954,700,31,2025-02-19,6
955,874,130,2024-12-13,4
956,14,16,2025-06-17,7
957,971,137,2025-07-14,7
958,978,73,2025-07-24,1
959,12,54,2024-11-14,4
960,87,100,2024-08-26,1
961,524,109,2025-08-14,8
962,909,87,2024-09-08,4
963,537,137,2024-08-28,2
964,301,8,2025-06-14,2
965,243,7,2025-06-17,5
966,122,36,2025-06-29,4
967,147,18,2024-11-02,7
968,567,3,2025-03-13,6
969,750,28,2025-04-11,3
970,356,70,2025-07-18,5
971,685,149,2025-01-12,6
972,904,28,2025-05-09,2
973,733,54,2025-05-10,4
974,631,65,2025-05-31,5
975,309,100,2024-08-25,4
976,695,21,2025-03-20,2
977,288,13,2025-02-21,5
978,307,57,2024-09-07,2
979,812,49,2025-01-15,1
980,594,118,2025-06-11,2
981,966,54,2025-01-11,7
982,914,138,2025-05-15,7
983,723,53,2024-10-05,4
984,662,44,2025-01-31,3
985,549,47,2025-05-17,2
986,352,53,2025-01-30,6
987,312,74,2025-03-19,7
988,873,46,2024-10-10,8
989,59,13,2024-10-01,3
990,643,102,2025-02-04,1
991,924,24,2024-10-02,5
992,714,2,2025-08-01,5
993,755,81,2025-04-14,7
994,35,100,2025-08-03,3
995,445,142,2025-01-07,7
996,93,138,2025-01-01,5
997,950,131,2024-11-01,8
998,959,111,2024-12-29,2
999,207,102,2025-02-03,3
1000,353,17,2025-08-09,4
1001,903,12,2024-09-09,2
1002,332,116,2024-11-18,2
1003,817,24,2024-11-16,2
1004,862,29,2024-09-22,4
1005,725,122,2025-04-03,8
1006,159,90,2024-08-21,1
1007,954,65,2024-11-14,8
1008,957,84,2025-01-25,8
1009,24,119,2025-06-04,8
1010,404,16,2025-06-06,6
1011,805,104,2025-07-28,7
1012,516,92,2025-06-27,5
1013,732,27,2025-06-22,7
1014,364,134,2025-03-14,3
1015,382,135,2025-03-26,8
1016,532,33,2024-09-04,1
1017,956,55,2025-06-25,3
1018,152,7,2024-08-23,7
1019,562,57,2025-07-23,5
1020,689,126,2025-05-24,4
1021,947,12,2024-11-23,7
1022,608,16,2025-06-29,2
1023,617,43,2024-09-09,7
1024,420,117,2024-09-16,2
1025,250,135,2024-09-09,4
1026,117,111,2024-10-06,7
1027,866,51,2025-02-04,1
1028,512,75,2024-10-27,1
1029,740,8,2024-12-05,3
1030,578,45,2024-09-03,4
1031,335,59,2024-12-17,8
1032,418,132,2024-12-31,1
1033,932,104,2025-04-08,7
1034,774,98,2025-04-29,4
1035,295,79,2025-07-29,5
1036,938,124,2024-11-20,2
1037,755,4,2024-12-09,7
1038,371,90,2024-10-07,2
1039,186,104,2025-04-10,2
1040,246,137,2025-01-19,8
1041,637,119,2025-02-19,4
1042,268,133,2025-04-30,4
1043,643,56,2024-10-04,3
1044,237,96,2025-04-29,2
1045,530,75,2024-09-16,3
1046,552,143,2024-09-16,8
1047,21,32,2024-11-23,2
1048,911,28,2025-08-17,3
1049,737,22,2025-03-17,3
1050,867,17,2024-11-05,5
1051,794,59,2025-02-26,3
1052,520,90,2025-05-18,4
1053,100,106,2025-05-30,3
1054,752,26,2025-06-29,2
1055,478,25,2025-01-03,3
1056,599,138,2025-08-01,1
1057,298,45,2025-08-08,6
1058,940,83,2025-07-17,2
1059,526,11,2024-11-11,1
1060,334,104,2025-02-06,8
1061,2,68,2025-05-21,2
1062,375,95,2024-12-13,4
1063,293,65,2025-08-18,6
1064,837,49,2025-01-07,6
1065,934,52,2025-06-17,4
1066,553,102,2025-03-20,6
1067,318,57,2024-12-09,4
1068,502,47,2025-07-21,1
1069,828,26,2025-04-28,8
1070,381,114,2024-11-20,5
1071,623,5,2025-03-10,2
1072,14,84,2025-07-30,4
1073,504,52,2024-11-29,2
1074,231,105,2024-12-19,8
1075,985,54,2025-05-15,1
1076,84,15,2025-03-16,5
1077,130,61,2025-03-01,8
1078,743,122,2024-09-27,1
1079,838,21,2024-09-07,6
1080,145,46,2024-12-30,2
1081,891,134,2025-08-02,7
1082,857,38,2025-01-24,5
1083,28,62,2025-05-18,6
1084,66,86,2025-04-16,8
1085,163,78,2025-02-22,5
1086,229,46,2024-12-04,6
1087,261,141,2024-09-17,1
1088,449,3,2024-11-05,4
1089,424,6,2025-08-07,2
1090,460,93,2024-10-10,3
1091,952,8,2025-07-10,3
1092,676,108,2025-03-08,1
1093,301,75,2024-11-15,8
1094,919,77,2024-12-14,2
1095,303,50,2025-06-02,8
1096,287,11,2025-03-20,2
1097,395,95,2024-11-07,1
1098,10,70,2024-10-04,2
1099,707,16,2025-01-09,4
1100,630,68,2025-05-26,8
1101,270,99,2025-07-01,1
1102,592,48,2025-06-20,4
1103,970,64,2024-10-12,2
1104,605,90,2024-08-31,1
1105,778,76,2024-11-17,2
1106,844,139,2025-05-16,8
1107,862,101,2025-02-04,1
1108,361,89,2025-04-27,2
1109,257,18,2025-06-10,8
1110,133,19,2025-02-10,4
1111,276,55,2024-10-01,7
1112,776,102,2024-08-26,4
1113,683,118,2025-02-27,2
1114,972,134,2025-07-08,1
1115,513,4,2024-08-31,3
1116,313,108,2024-11-30,4
1117,576,115,2024-12-03,4
1118,886,29,2025-04-03,8
1119,980,59,2025-01-14,6
1120,284,125,2024-12-12,3
1121,121,98,2025-07-05,2
1122,107,17,2024-09-19,7
1123,933,107,2024-09-10,1
1124,687,43,2024-12-04,6
1125,997,80,2025-07-15,2
1126,204,8,2025-04-11,5
1127,165,141,2025-01-14,7
1128,305,106,2025-02-26,4
1129,497,8,2024-08-25,5
1130,632,96,2025-07-19,4
1131,556,94,2025-01-13,4
1132,824,65,2025-01-14,5
1133,156,39,2025-02-06,7
1134,367,81,2024-09-04,8
1135,719,84,2024-11-13,5
1136,902,88,2024-11-05,2
1137,620,86,2025-01-12,6
1138,251,93,2024-10-28,6
1139,957,86,2025-05-01,5
1140,916,44,2025-02-01,2
1141,882,137,2025-03-12,8
1142,334,74,2024-09-07,6
1143,642,36,2025-05-01,2
1144,969,101,2024-12-14,8
1145,511,104,2024-08-30,2
1146,293,66,2025-03-16,4
1147,20,55,2025-06-10,6
1148,282,91,2024-12-31,8
1149,797,22,2025-08-16,6
1150,1,101,2024-08-28,4
1151,119,121,2025-08-06,5
1152,35,93,2025-04-11,4
1153,198,108,2025-06-07,6
1154,485,141,2025-07-30,6
1155,757,10,2024-12-26,7
1156,59,9,2025-08-11,8
1157,837,34,2025-07-05,5
1158,161,129,2025-08-05,4
1159,691,89,2024-11-27,8
1160,206,93,2025-06-28,1
1161,12,71,2025-06-06,8
1162,490,67,2025-04-04,1
1163,276,148,2024-11-10,5
1164,693,117,2025-06-08,4
1165,242,94,2024-08-28,4
1166,216,99,2024-12-28,2
1167,251,113,2025-05-26,6
1168,811,103,2025-07-06,3
1169,126,91,2025-04-16,7
1170,994,90,2025-02-02,8
1171,217,17,2025-07-20,5
1172,306,18,2025-01-31,3
1173,797,116,2025-06-17,8
1174,185,93,2025-05-28,3
1175,39,91,2025-08-13,5
1176,223,82,2025-05-30,4
1177,184,68,2025-06-06,5
1178,495,114,2024-09-09,8
1179,427,1,2025-06-27,3
1180,178,58,2024-09-29,6
1181,919,109,2025-03-20,7
1182,428,148,2025-01-15,7
1183,294,116,2025-05-25,6
1184,852,87,2025-08-15,6
1185,151,10,2025-05-08,4
1186,384,59,2024-12-07,8
1187,638,41,2025-07-17,1
1188,813,105,2025-08-17,5
1189,308,133,2025-03-13,7
1190,336,122,2025-02-14,6
1191,946,145,2025-01-29,5
1192,746,22,2025-03-28,7
1193,892,98,2025-05-24,6
1194,375,68,2025-03-26,8
1195,8,139,2025-06-12,7
1196,341,56,2025-03-07,4
1197,129,149,2024-11-27,1
1198,776,99,2024-10-20,1
1199,669,76,2025-01-13,6
1200,352,26,2025-02-15,7
1201,358,115,2025-06-03,4
1202,517,147,2025-08-12,2
1203,495,109,2024-11-18,5
1204,86,47,2024-10-08,5
1205,175,71,2025-08-05,3
1206,802,40,2024-08-23,4
1207,193,133,2024-12-05,7
1208,311,149,2025-06-24,8
1209,119,132,2025-05-10,8
1210,218,23,2024-12-02,3
1211,427,106,2024-09-20,6
1212,970,84,2024-11-23,7
1213,414,143,2025-06-13,3
1214,114,116,2025-03-16,1
1215,978,109,2024-12-10,5
1216,145,136,2024-12-27,7
1217,538,41,2025-03-27,3
1218,648,112,2025-01-18,1
1219,303,147,2024-09-01,4
1220,744,112,2025-04-14,3
1221,881,103,2024-12-02,6
1222,588,46,2025-01-05,6
1223,987,68,2024-11-30,6
1224,840,122,2025-05-01,7
1225,345,15,2024-11-23,8
1226,814,129,2025-06-17,8
1227,964,111,2025-04-28,5
1228,801,24,2025-06-28,3
1229,1,27,2025-06-13,4
1230,147,40,2025-04-11,3
1231,287,24,2024-08-22,5
1232,976,24,2024-10-05,1
1233,654,4,2024-12-15,5
1234,53,67,2025-03-26,6
1235,304,34,2025-05-01,7
1236,69,116,2024-12-20,1
1237,361,23,2025-07-08,7
1238,602,109,2024-11-28,6
1239,958,69,2025-07-13,2
1240,220,95,2024-10-26,5
1241,962,62,2025-02-06,5
1242,704,57,2025-02-13,4
1243,966,54,2024-08-24,3
1244,575,70,2025-02-04,1
1245,585,101,2024-08-21,8
1246,161,57,2025-02-15,7
1247,681,138,2024-09-01,1
1248,89,135,2025-01-04,4
1249,688,103,2025-02-20,4
1250,781,85,2025-04-22,7
1251,585,61,2025-07-11,8
1252,757,3,2025-03-22,3
1253,589,128,2024-11-10,7
1254,159,86,2025-01-23,7
1255,489,47,2024-09-09,6
1256,971,76,2025-03-31,8
1257,324,38,2025-08-17,3
1258,610,141,2024-09-17,5
1259,381,87,2024-12-03,6
1260,102,58,2025-08-01,2
1261,494,50,2025-04-12,8
1262,644,30,2025-03-20,3
1263,614,101,2024-12-17,4
1264,19,25,2024-09-11,6
1265,454,112,2025-02-05,3
1266,482,126,2024-10-26,1
1267,594,123,2024-11-26,7
1268,397,47,2025-06-11,2
1269,279,118,2025-06-19,5
1270,851,39,2024-12-03,7
1271,365,16,2024-11-26,1
1272,331,22,2025-07-21,1
1273,641,54,2025-02-26,2
1274,344,149,2024-10-06,5
1275,822,16,2024-11-14,4
1276,455,59,2025-04-19,6
1277,601,31,2024-10-24,8
1278,725,32,2024-10-14,5
1279,655,9,2025-07-22,8
1280,65,139,2025-04-14,3
1281,76,10,2025-04-29,1
1282,711,17,2024-09-06,3
1283,143,68,2024-11-16,4
1284,917,48,2024-10-01,3
1285,915,111,2025-04-29,5
1286,828,123,2024-09-01,3
1287,605,149,2024-10-28,4
1288,473,101,2025-05-10,4
1289,417,102,2025-03-02,4
1290,305,65,2025-07-18,5
1291,736,51,2025-02-04,4
1292,497,36,2025-03-31,1
1293,291,81,2024-12-19,7
1294,940,127,2024-09-03,4
1295,102,88,2025-03-20,3
1296,986,104,2025-05-23,6
1297,267,15,2024-11-14,3
1298,867,96,2024-09-10,6
1299,968,123,2025-05-22,3
1300,622,1,2024-11-26,5
1301,974,122,2024-11-25,3
1302,842,126,2024-08-24,5
1303,962,57,2025-05-08,5
1304,942,81,2025-07-12,4
1305,777,73,2025-07-17,1
1306,3,141,2025-07-13,6
1307,85,70,2025-01-02,4
1308,794,6,2025-03-15,4
1309,328,84,2025-05-23,7
1310,816,52,2024-09-04,5
1311,450,3,2025-04-08,5
1312,454,81,2024-11-17,6
1313,924,63,2024-12-31,3
1314,629,49,2024-09-29,3
1315,221,76,2024-09-17,8
1316,154,112,2025-03-02,4
1317,665,109,2025-02-06,8
1318,12,65,2024-09-30,2
1319,133,81,2025-03-04,2
1320,994,15,2024-09-17,8
1321,304,100,2024-11-18,3
1322,293,32,2024-11-05,2
1323,975,96,2024-12-22,7
1324,300,128,2025-03-27,3
1325,740,146,2025-01-09,5
1326,783,113,2025-07-06,4
1327,43,83,2025-07-03,1
1328,944,43,2025-05-09,4
1329,343,116,2025-01-26,8
1330,326,78,2024-09-14,3
1331,814,58,2025-04-24,8
1332,498,33,2025-01-30,7
1333,364,14,2025-07-24,3
1334,891,132,2024-12-05,4
1335,427,59,2024-10-12,7
1336,21,83,2024-08-27,7
1337,407,134,2024-12-22,7
1338,619,121,2025-04-10,6
1339,336,83,2025-06-20,3
1340,815,27,2025-01-04,2
1341,117,80,2024-12-26,2
1342,124,134,2025-01-23,3
1343,399,13,2025-08-01,3
1344,793,64,2025-04-28,6
1345,804,147,2025-01-10,2
1346,715,80,2025-02-16,3
1347,51,123,2024-12-10,3
1348,783,43,2025-04-16,8
1349,324,89,2024-08-30,6
1350,789,148,2024-10-19,6
1351,141,95,2025-01-08,4
1352,470,2,2024-09-04,6
1353,787,120,2024-12-08,1
1354,802,22,2025-08-14,2
1355,334,115,2024-10-15,4
1356,893,57,2025-08-07,1
1357,964,72,2025-04-04,3
1358,373,7,2024-08-27,8
1359,564,119,2024-09-28,8
1360,494,114,2025-04-11,3
1361,539,16,2024-11-08,4
1362,669,83,2025-06-27,6
1363,751,72,2024-12-17,7
1364,156,124,2025-03-04,8
1365,291,113,2025-05-22,7
1366,648,12,2025-06-17,3
1367,144,126,2025-06-02,7
1368,106,53,2025-03-03,5
1369,420,75,2025-06-18,4
1370,670,133,2025-03-31,1
1371,658,27,2025-05-21,4
1372,2,140,2024-12-29,2
1373,945,145,2025-08-18,6
1374,589,134,2024-11-09,6
1375,644,97,2025-01-12,4
1376,90,5,2025-07-06,3
1377,345,57,2025-04-01,3
1378,350,78,2024-08-30,5
1379,459,69,2025-04-30,5
1380,263,118,2025-05-27,6
1381,351,120,2024-10-15,5
1382,108,59,2025-01-13,8
1383,586,33,2025-06-10,8
1384,39,62,2025-04-27,1
1385,909,50,2024-09-17,5
1386,159,112,2024-09-17,1
1387,583,19,2025-08-16,5
1388,959,123,2024-11-13,6
1389,312,47,2025-03-25,6
1390,241,33,2025-03-01,1
1391,938,141,2025-03-29,4
1392,445,84,2025-04-19,6
1393,298,135,2025-03-18,4
1394,952,79,2025-05-30,3
1395,36,14,2025-01-27,8
1396,84,147,2025-03-15,1
1397,452,128,2025-05-29,7
1398,886,54,2024-10-04,6
1399,775,148,2025-07-13,2
1400,822,29,2025-07-25,3
1401,385,24,2025-03-10,4
1402,172,82,2025-06-23,6
1403,376,63,2024-09-06,1
1404,685,105,2025-04-10,7
1405,362,57,2025-02-17,5
1406,559,136,2025-05-01,7
1407,891,62,2025-03-09,2
1408,141,17,2025-03-08,4
1409,887,66,2025-02-05,3
1410,918,6,2024-12-19,7
1411,118,58,2024-11-30,1
1412,277,69,2024-11-01,2
1413,726,62,2025-07-08,1
1414,220,82,2025-03-29,6
1415,905,71,2024-12-09,5
1416,26,131,2025-08-06,3
1417,521,10,2024-11-20,1
1418,783,98,2024-12-23,4
1419,10,89,2024-11-20,6
1420,984,35,2025-06-24,6
1421,378,2,2025-06-12,3
1422,633,124,2025-01-05,6
1423,637,24,2024-11-15,4
1424,682,74,2025-02-11,1
1425,584,22,2024-12-18,3
1426,152,39,2025-06-04,8
1427,720,20,2024-10-01,6
1428,49,41,2025-05-14,6
1429,154,148,2024-11-19,4
1430,859,108,2025-02-06,5
1431,293,147,2025-05-29,5
1432,580,84,2025-07-25,7
1433,50,111,2025-01-24,6
1434,664,66,2025-01-05,8
1435,531,53,2024-09-17,1
1436,612,34,2025-01-01,3
1437,60,150,2025-03-23,6
1438,167,67,2025-03-02,2
1439,202,134,2024-09-16,3
1440,857,27,2025-08-08,7
1441,146,10,2025-01-05,5
1442,915,73,2025-04-28,8
1443,676,96,2025-02-22,6
1444,970,48,2025-04-10,4
1445,993,70,2024-11-15,2
1446,439,100,2025-02-08,6
1447,242,59,2025-06-19,8
1448,581,2,2025-01-27,7
1449,687,65,2024-11-15,1
1450,561,83,2025-03-27,2
1451,483,10,2025-07-05,7
1452,108,53,2025-07-05,6
1453,226,79,2024-10-05,1
1454,673,59,2025-08-12,2
1455,631,150,2025-03-14,1
1456,661,48,2024-11-21,1
1457,977,149,2025-06-15,2
1458,662,123,2025-08-06,2
1459,432,22,2025-01-23,1
1460,805,100,2025-05-06,7
1461,655,98,2025-04-02,8
1462,419,25,2025-05-03,5
1463,988,28,2024-10-10,2
1464,455,113,2025-04-10,6
1465,160,45,2024-11-27,3
1466,523,68,2025-06-23,4
1467,650,7,2024-12-07,1
1468,969,49,2024-12-28,1
1469,590,137,2024-12-17,4
1470,77,83,2024-10-02,5
1471,509,129,2024-09-18,4
1472,441,138,2025-01-23,2
1473,254,73,2025-01-28,4
1474,921,46,2025-03-02,1
1475,770,106,2024-10-14,4
1476,320,32,2025-03-29,3
1477,803,6,2025-02-25,6
1478,263,145,2025-04-20,2
1479,597,74,2025-07-26,4
1480,658,114,2025-06-14,1
1481,835,27,2024-11-02,7
1482,554,54,2025-08-02,6
1483,374,85,2024-10-26,2
1484,637,127,2025-07-24,1
1485,167,111,2025-02-10,5
1486,937,15,2024-08-24,3
1487,753,132,2024-10-21,8
1488,459,93,2024-10-03,5
1489,999,123,2025-01-27,8
1490,280,73,2024-11-28,3
1491,700,147,2025-06-11,4
1492,302,92,2025-03-21,2
1493,531,17,2025-05-21,4
1494,580,43,2025-08-14,3
1495,218,121,2025-02-16,3
1496,102,41,2025-06-02,3
1497,554,39,2024-09-26,8
1498,288,113,2024-10-06,6
1499,167,111,2025-07-21,1
1500,621,47,2024-08-31,2
1501,36,63,2025-07-07,4
1502,744,110,2025-02-01,4
1503,741,69,2024-08-27,5
1504,353,43,2025-05-12,8
1505,676,34,2024-10-21,3
1506,899,40,2024-09-15,7
1507,73,61,2024-10-08,3
1508,648,62,2025-03-05,3
1509,353,58,2025-07-20,7
1510,891,75,2025-03-11,4
1511,70,16,2025-08-09,5
1512,425,82,2025-01-15,1
1513,999,94,2025-08-04,7
1514,708,48,2025-01-29,8
1515,781,138,2025-01-02,6
1516,561,82,2024-10-06,2
1517,828,38,2025-01-21,8
1518,642,127,2025-05-15,7
1519,956,19,2025-03-22,1
1520,517,63,2024-11-19,4
1521,428,77,2025-05-21,6
1522,539,131,2024-12-09,6
1523,160,102,2024-10-03,6
1524,149,65,2024-12-26,3
1525,776,120,2025-08-01,2
1526,230,91,2025-07-04,4
1527,712,8,2025-08-01,4
1528,562,73,2024-12-26,6
1529,67,134,2025-04-04,4
1530,812,107,2025-04-11,2
1531,381,89,2025-04-14,2
1532,58,39,2024-09-28,5
1533,259,113,2025-05-25,7
1534,342,28,2024-09-04,7
1535,838,97,2024-09-15,5
1536,130,37,2025-05-31,1
1537,727,137,2025-08-10,7
1538,172,82,2025-01-02,2
1539,770,56,2025-02-08,2
1540,614,85,2025-08-06,7
1541,209,2,2025-01-23,2
1542,803,58,2025-04-19,5
1543,354,107,2025-02-08,6
1544,471,123,2025-06-01,6
1545,798,114,2025-07-08,4
1546,116,107,2025-02-03,8
1547,264,37,2024-12-08,8
1548,662,79,2025-06-08,6
1549,812,92,2025-02-19,3
1550,442,18,2025-05-16,5
1551,548,98,2024-10-09,2
1552,453,63,2025-05-29,7
1553,845,150,2024-10-28,6
1554,477,139,2025-05-26,5
1555,287,4,2025-06-11,6
1556,303,135,2025-04-03,1
1557,311,61,2025-08-08,2
1558,208,107,2025-07-02,1
1559,618,54,2025-08-16,2
1560,446,88,2025-03-03,5
1561,670,68,2024-09-19,4
1562,633,129,2024-10-16,6
1563,55,55,2025-07-31,6
1564,912,3,2024-08-21,3
1565,12,121,2025-04-05,7
1566,657,129,2025-04-05,1
1567,400,102,2025-01-08,6
1568,908,38,2025-05-06,5
1569,648,85,2025-04-27,4
1570,980,133,2025-02-10,7
1571,515,92,2025-01-12,5
1572,656,21,2024-12-20,1
1573,542,109,2025-02-04,3
1574,237,47,2024-10-25,6
1575,279,84,2025-03-03,5
1576,348,83,2025-05-25,7
1577,627,35,2025-04-03,2
1578,104,69,2024-12-04,4
1579,630,129,2025-06-14,7
1580,517,140,2024-09-24,5
1581,980,27,2024-11-16,4
1582,872,56,2024-12-11,6
1583,248,23,2025-02-25,2
1584,364,21,2024-12-28,3
1585,321,61,2024-09-05,7
1586,633,63,2025-03-25,3
1587,286,122,2025-03-07,2
1588,149,52,2025-08-01,4
1589,84,88,2025-03-09,6
1590,966,55,2025-03-31,5
1591,406,46,2025-03-03,2
1592,978,32,2025-07-11,1
1593,456,55,2025-08-13,4
1594,743,96,2025-01-30,3
1595,800,133,2024-12-06,7
1596,161,36,2024-12-21,2
1597,784,110,2025-01-14,3
1598,460,106,2024-12-19,4
1599,550,58,2025-06-08,3
1600,500,39,2024-10-26,2
1601,738,80,2024-10-12,4
1602,509,97,2024-09-03,1
1603,654,113,2025-06-30,2
1604,804,61,2025-05-30,5
1605,481,137,2025-07-26,8
1606,663,6,2025-05-28,6
1607,114,109,2024-11-07,2
1608,749,35,2025-02-01,4
1609,578,39,2025-03-07,7
1610,361,150,2024-12-04,6
1611,341,118,2025-03-29,2
1612,770,5,2025-07-25,1
1613,987,87,2025-04-14,7
1614,761,76,2024-12-18,1
1615,969,57,2024-09-25,5
1616,449,127,2024-12-30,7
1617,843,29,2024-12-06,3
1618,835,87,2024-10-21,8
1619,180,141,2024-10-03,7
1620,702,46,2024-12-07,6
1621,407,116,2024-12-02,7
1622,666,112,2025-02-22,4
1623,196,45,2025-02-04,8
1624,466,145,2024-11-12,4
1625,311,104,2025-07-27,3
1626,262,85,2024-10-22,7
1627,419,134,2024-12-08,1
1628,406,108,2025-08-17,1
1629,939,18,2025-08-09,2
1630,143,94,2024-11-26,5
1631,342,150,2025-04-10,6
1632,316,33,2025-06-06,8
1633,101,126,2024-09-28,5
1634,244,122,2025-08-12,7
1635,490,138,2024-11-15,5
1636,12,115,2025-05-03,2
1637,239,28,2024-12-04,5
1638,561,11,2024-10-11,8
1639,42,47,2024-09-24,3
1640,678,127,2024-11-06,2
1641,594,147,2025-03-20,3
1642,429,118,2025-07-09,7
1643,803,143,2025-03-03,2
1644,158,126,2025-06-07,7
1645,216,72,2024-10-22,7
1646,670,107,2024-08-28,5
1647,462,137,2025-04-07,3
1648,134,33,2025-08-03,7
1649,67,19,2024-09-02,3
1650,848,74,2025-07-29,3
1651,7,98,2025-03-15,2
1652,948,141,2025-03-14,4
1653,526,129,2025-06-24,5
1654,73,93,2024-11-01,7
1655,399,48,2024-08-20,3
1656,405,64,2025-02-23,6
1657,675,61,2025-07-07,4
1658,578,39,2025-07-03,7
1659,859,128,2024-08-28,6
1660,130,88,2025-01-08,5
1661,931,26,2024-11-04,5
1662,466,17,2024-12-05,3
1663,206,71,2025-08-18,3
1664,788,13,2025-03-27,8
1665,978,69,2025-01-30,8
1666,768,26,2025-05-29,7
1667,266,49,2025-02-06,2
1668,537,7,2025-03-08,4
1669,962,58,2024-10-06,7
1670,793,49,2025-07-06,4
1671,253,103,2025-02-10,3
1672,822,53,2024-12-10,5
1673,289,62,2025-08-09,3
1674,164,17,2024-09-29,5
1675,95,25,2025-05-23,8
1676,782,131,2025-05-19,7
1677,833,29,2025-08-09,8
1678,110,117,2025-07-12,5
1679,336,26,2024-10-03,3
1680,822,124,2025-02-06,8
1681,238,144,2025-07-29,1
1682,381,25,2025-02-01,4
1683,436,54,2025-02-25,6
1684,899,73,2024-11-28,5
1685,483,120,2024-09-20,5
1686,937,56,2025-07-19,1
1687,902,65,2024-10-10,7
1688,25,93,2024-12-04,7
1689,653,86,2025-05-29,7
1690,117,80,2025-05-04,6
1691,482,108,2024-10-02,2
1692,392,118,2025-01-02,1
1693,917,83,2025-06-26,6
1694,994,147,2024-09-17,8
1695,964,15,2025-06-03,1
1696,537,131,2025-06-22,5
1697,79,139,2024-11-12,4
1698,580,30,2025-05-27,1
1699,173,57,2024-09-15,2
1700,956,146,2024-12-23,3
1701,12,128,2024-10-17,8
1702,800,48,2025-03-02,6
1703,128,136,2024-12-26,8
1704,608,22,2024-12-03,8
1705,92,6,2025-02-10,1
1706,653,104,2025-04-19,1
1707,543,36,2025-05-30,2
1708,846,79,2025-03-05,4
1709,532,116,2025-05-06,1
1710,658,57,2025-06-15,1
1711,989,49,2024-09-15,4
1712,828,82,2025-05-19,2
1713,447,66,2025-05-12,6
1714,390,77,2024-12-18,8
1715,672,45,2025-07-30,6
1716,861,79,2025-08-12,1
1717,43,20,2024-09-01,4
1718,254,123,2025-02-02,1
1719,130,67,2024-09-26,7
1720,60,83,2025-08-15,3
1721,663,3,2025-05-18,6
1722,467,64,2025-06-22,7
1723,287,40,2025-03-08,5
1724,517,59,2024-12-19,3
1725,467,62,2024-10-30,1
1726,930,132,2025-07-10,2
1727,778,60,2025-03-22,6
1728,345,116,2025-05-01,5
1729,642,75,2025-07-09,3
1730,382,122,2025-07-24,6
1731,779,107,2025-04-18,4
1732,690,96,2024-08-31,2
1733,253,91,2025-04-21,3
1734,927,130,2025-04-18,4
1735,56,62,2024-08-21,7
1736,463,49,2024-11-21,1
1737,457,137,2024-10-10,4
1738,983,92,2025-04-02,3
1739,83,124,2025-01-11,8
1740,905,61,2025-07-22,3
1741,99,48,2024-11-11,8
1742,149,136,2025-05-06,7
1743,329,58,2024-11-01,1
1744,156,101,2024-11-29,8
1745,190,112,2025-02-16,8
1746,494,62,2024-10-15,4
1747,883,39,2025-02-22,4
1748,263,58,2025-06-30,1
1749,80,99,2024-10-29,4
1750,400,44,2025-05-29,6
1751,764,29,2025-02-26,1
1752,609,59,2024-12-05,2
1753,260,71,2024-10-08,8
1754,772,92,2024-11-03,3
1755,615,9,2025-04-21,2
1756,552,127,2025-07-24,8
1757,785,134,2024-09-21,6
1758,101,145,2025-03-06,8
1759,359,144,2025-07-16,8
1760,380,131,2025-05-25,8
1761,820,21,2025-06-05,7
1762,221,64,2024-11-09,6
1763,820,90,2024-08-19,5
1764,420,36,2025-02-02,5
1765,124,62,2024-09-13,5
1766,422,76,2025-02-24,1
1767,231,13,2025-03-22,4
1768,690,11,2025-04-12,6
1769,63,54,2024-11-06,2
1770,485,16,2025-05-20,7
1771,628,8,2024-10-26,2
1772,703,104,2024-09-02,2
1773,574,59,2025-01-27,2
1774,768,57,2025-05-12,7
1775,483,40,2024-11-28,5
1776,519,130,2025-04-13,2
1777,155,94,2025-01-12,7
1778,92,138,2025-04-20,7
1779,982,44,2025-04-01,4
1780,526,139,2024-11-17,7
1781,455,80,2025-04-22,5
1782,741,81,2024-12-31,2
1783,598,2,2025-02-22,7
1784,645,140,2025-03-12,1
1785,510,115,2025-04-30,7
1786,183,90,2024-10-26,3
1787,386,23,2025-07-24,3
1788,574,146,2024-12-12,3
1789,731,62,2025-07-10,7
1790,405,113,2024-11-16,5
1791,246,128,2025-07-23,2
1792,742,62,2024-12-09,6
1793,591,38,2025-05-04,6
1794,661,61,2025-02-22,6
1795,650,129,2025-02-24,5
1796,471,149,2025-06-23,4
1797,826,122,2025-04-19,8
1798,888,110,2025-01-17,1
1799,423,13,2025-04-07,1
1800,901,100,2025-01-03,3
1801,65,135,2025-03-17,3
1802,13,22,2025-02-20,7
1803,213,74,2024-12-10,6
1804,986,132,2024-09-24,7
1805,242,23,2024-11-11,8
1806,493,119,2024-09-30,6
1807,213,70,2025-07-26,3
1808,693,84,2025-08-01,2
1809,338,101,2025-06-07,4
1810,997,84,2025-06-10,7
1811,173,28,2024-12-07,4
1812,672,136,2025-01-27,4
1813,164,1,2025-02-07,4
1814,465,63,2024-12-22,3
1815,995,22,2024-11-22,1
1816,497,70,2025-05-02,3
1817,700,125,2025-01-30,4
1818,395,149,2024-10-01,3
1819,703,96,2024-10-25,4
1820,917,79,2025-02-14,5
1821,308,5,2024-12-19,6
1822,768,60,2025-05-01,1
1823,183,120,2024-10-01,5
1824,629,46,2024-12-30,2
1825,794,134,2025-05-15,3
1826,510,56,2025-01-19,2
1827,708,110,2025-05-18,7
1828,546,104,2024-10-06,3
1829,564,77,2025-06-14,8
1830,624,146,2025-07-26,8
1831,764,2,2025-02-21,6
1832,594,8,2025-07-10,5
1833,744,75,2025-06-26,6
1834,227,125,2025-07-19,7
1835,745,38,2025-02-23,4
1836,733,27,2025-04-08,6
1837,436,20,2025-01-25,6
1838,925,140,2025-05-11,8
1839,422,43,2024-11-17,4
1840,554,31,2024-08-29,8
1841,21,91,2024-12-08,3
1842,554,61,2024-11-30,4
1843,397,109,2025-03-03,5
1844,625,91,2024-11-09,6
1845,105,95,2025-07-29,8
1846,192,143,2025-07-14,4
1847,17,144,2025-06-18,7
1848,120,13,2025-01-23,7
1849,393,113,2024-09-10,6
1850,425,35,2025-03-24,5
1851,129,149,2025-06-13,2
1852,130,48,2024-12-21,8
1853,572,35,2024-11-27,5
1854,560,86,2025-05-07,1
1855,29,114,2024-12-19,1
1856,97,100,2025-01-24,1
1857,10,99,2025-01-16,6
1858,242,3,2025-06-28,7
1859,826,85,2025-02-05,3
1860,956,125,2025-01-30,8
1861,232,138,2025-01-19,7
1862,789,83,2024-11-27,3
1863,284,25,2025-08-07,3
1864,715,68,2024-09-08,7
1865,759,61,2024-11-30,8
1866,802,29,2025-02-22,6
1867,776,127,2025-05-27,5
1868,955,19,2024-11-11,3
1869,726,74,2024-12-27,2
1870,200,61,2025-04-22,7
1871,945,20,2025-07-01,7
1872,79,48,2024-09-04,1
1873,913,87,2024-12-15,5
1874,956,139,2025-02-07,1
1875,855,110,2025-01-24,7
1876,856,28,2024-11-11,7
1877,173,59,2025-03-28,3
1878,467,133,2025-07-24,5
1879,581,51,2024-10-21,4
1880,416,149,2025-03-14,2
1881,940,12,2024-11-06,8
1882,449,50,2025-06-16,3
1883,87,132,2025-04-17,7
1884,101,113,2024-09-29,8
1885,8,14,2025-04-13,3
1886,845,32,2025-04-12,2
1887,200,139,2024-12-24,7
1888,505,146,2024-10-07,2
1889,87,55,2025-04-09,8
1890,43,120,2025-03-15,4
1891,385,75,2024-08-25,3
1892,621,21,2025-05-25,6
1893,435,133,2024-08-26,3
1894,408,87,2025-06-25,1
1895,483,59,2025-01-12,5
1896,664,89,2024-09-22,5
1897,17,150,2025-06-17,1
1898,645,83,2025-05-18,7
1899,148,65,2024-12-25,5
1900,277,64,2025-08-07,2
1901,232,71,2025-01-01,8
1902,826,4,2025-06-11,8
1903,927,143,2025-06-11,5
1904,366,104,2025-03-20,5
1905,228,150,2024-09-11,1
1906,651,93,2025-04-29,7
1907,436,142,2024-09-06,4
1908,399,148,2025-03-07,5
1909,211,112,2024-11-07,6
1910,391,119,2025-01-05,5
1911,499,59,2025-03-13,4
1912,540,43,2024-11-03,1
1913,563,12,2024-10-17,4
1914,491,40,2025-07-09,1
1915,442,118,2025-03-14,2
1916,261,20,2025-01-18,1
1917,773,131,2025-07-17,2
1918,350,90,2025-05-23,2
1919,352,94,2024-11-15,1
1920,520,13,2024-12-08,6
1921,320,66,2025-06-25,3
1922,138,37,2024-10-19,1
1923,550,66,2025-08-06,5
1924,623,36,2025-01-10,6
1925,992,26,2024-12-24,6
1926,368,75,2025-01-25,5
1927,220,108,2024-11-09,3
1928,337,43,2025-03-20,6
1929,223,150,2025-05-29,2
1930,648,148,2024-11-22,8
1931,768,8,2025-08-18,3
1932,360,29,2024-08-23,7
1933,921,40,2024-09-01,5
1934,329,128,2025-07-12,3
1935,962,84,2024-08-25,1
1936,463,116,2025-06-07,8
1937,946,144,2025-08-18,3
1938,963,62,2025-03-10,2
1939,561,7,2024-09-26,8
1940,804,45,2025-02-28,1
1941,382,88,2025-01-19,4
1942,836,73,2025-06-21,5
1943,590,37,2025-02-22,8
1944,617,119,2024-09-03,5
1945,169,57,2024-10-17,3
1946,217,8,2024-12-05,6
1947,378,95,2024-12-13,1
1948,119,117,2024-08-27,4
1949,190,110,2024-11-15,1
1950,767,20,2025-04-20,5
1951,370,124,2025-06-13,1
1952,778,53,2025-05-12,4
1953,149,119,2024-11-22,6
1954,676,12,2024-08-31,3
1955,652,17,2024-12-01,2
1956,859,64,2025-06-05,1
1957,488,42,2024-10-05,8
1958,770,94,2025-06-29,2
1959,374,147,2025-06-18,5
1960,781,11,2025-01-11,3
1961,693,98,2025-04-29,7
1962,160,71,2025-01-20,3
1963,351,108,2024-10-07,1
1964,912,58,2025-07-01,8
1965,288,34,2025-06-01,6
1966,288,20,2025-07-24,3
1967,892,50,2024-11-30,1
1968,226,102,2025-07-18,1
1969,523,138,2024-09-19,2
1970,522,52,2024-09-16,3
1971,783,15,2024-09-15,1
1972,273,84,2025-03-01,2
1973,936,131,2025-05-25,8
1974,402,37,2025-05-18,4
1975,183,126,2025-06-10,8
1976,969,40,2025-05-29,7
1977,665,72,2025-01-26,2
1978,488,40,2024-08-25,2
1979,827,56,2024-08-23,1
1980,846,104,2025-06-02,5
1981,124,139,2025-07-06,5
1982,985,110,2025-03-16,6
1983,626,136,2025-04-09,5
1984,790,93,2025-08-09,2
1985,414,94,2024-10-15,6
1986,980,56,2024-09-24,8
1987,725,60,2025-05-30,1
1988,172,138,2025-04-03,8
1989,288,39,2025-06-21,3
1990,435,28,2025-01-16,7
1991,686,49,2024-11-01,7
1992,113,125,2025-07-06,2
1993,888,13,2025-04-10,2
1994,917,36,2025-07-17,6
1995,995,101,2024-12-17,1
1996,122,26,2025-06-18,4
1997,544,86,2024-12-21,2
1998,222,4,2025-01-30,4
1999,631,82,2025-03-04,8
2000,39,127,2025-06-02,4
